"Species","n","best_model","best_bic","int_best","tssr_best","tssr2_best","jd_best","jd2_best","full_bic","int_full","tssr_full","tssr2_full","jd_full","jd2_full"
"BANS",792,9,4187.67066881127,-60.4383611022335,42.6181913824371,-97.4109629241873,261.4165942359,-310.181737351941,4187.67066881127,-60.4383611022335,42.6181913824371,-97.4109629241873,261.4165942359,-310.181737351941
"BARS",6490,5,32276.1870900696,-17.5882680282885,NA,NA,69.2459766089946,-76.1174819239687,32292.1229208315,-18.2966949686942,-0.936198412350164,1.45117898011322,71.6841085102689,-77.8711677693172
"CLSW",3316,5,19305.4456103961,-28.1912489510485,NA,NA,115.553341411929,-127.171956976636,19326.243249312,-22.7622120686184,8.30012030756222,-39.5455996478061,94.2237559838246,-108.646984367805
"NRWS",2112,5,10427.1835098533,-13.9571597943466,NA,NA,50.2766776287746,-53.9664795146858,10442.8529888962,-8.26567635463068,-5.86476099228601,15.5366271763973,26.6045363292389,-28.2346894543691
"PUMA",930,5,4295.22936168516,-37.6629572192082,NA,NA,169.338967313514,-197.995286930237,4305.30017277553,-36.3160136267044,-1.86633747485265,-6.34497941661152,168.082984840639,-201.566704582651
"TRES",10555,5,50139.2107764415,-3.27413427195126,NA,NA,7.80323477580835,-9.72365481797751,50143.4697119784,-3.3387297487078,-0.511987881436337,2.55447511041428,8.04906585783968,-9.93066034177028
"VGSW",5241,1,30015.6335639285,-1.65415826954904,NA,NA,NA,NA,30018.4278646991,-8.86825659592989,-8.05650725577578,37.2926687784046,34.02643523527,-38.2176689770349
